Year,Sale_Dollars
2012,3509585.359999801
2013,3339555.6699999147
2014,3696197.129999976
2015,3621503.719999942
2016,3777547.4399999757
2017,3897217.360000007
2018,4206209.449999974
