Year,Sale_Dollars
2012,4429878.729999825
2013,4409076.099999966
2014,4582989.499999979
2015,4727381.999999889
2016,4645871.519999918
2017,5100791.5399999
2018,5121763.849999887
